insert into
springboot_country_tbl (id, countryname, countrycapital)
values
(1,'Japan','Tokyo'),
(2,'Indonesia','Jakarta'),
(3,'Philippines','Manila'),
(4,'South Korea','Seoul'),
(5,'Mexico','Mexico City'),
(6,'Egypt','Cairo'),
(7,'China','Beijing'),
(8,'Russia','Moscow'),
(9,'Thailand','Bangkok'),
(10,'Bangladesh','Dhaka'),
(11,'Argentina','Buenos Aires'),
(12,'Congo (Kinshasa)','Kinshasa'),
(13,'Iran','Tehran'),
(14,'United Kingdom','London'),
(15,'France','Paris'),
(16,'Peru','Lima'),
(17,'Angola','Luanda'),
(18,'Malaysia','Kuala Lumpur'),
(19,'Vietnam','Hanoi'),
(20,'Colombia','Bogotá'),
(21,'Tanzania','Dar es Salaam'),
(22,'Hong Kong','Hong Kong'),
(23,'Chile','Santiago'),
(24,'Saudi Arabia','Riyadh'),
(25,'Iraq','Baghdad'),
(26,'Sudan','Khartoum'),
(27,'Spain','Madrid'),
(28,'Kenya','Nairobi'),
(29,'Myanmar','Rangoon'),
(30,'United States','Washington'),
(31,'Singapore','Singapore'),
(32,'Cote dIvoire','Abidjan'),
(33,'Afghanistan','Kabul'),
(34,'Jordan','Amman'),
(35,'Germany','Berlin'),
(36,'Algeria','Algiers'),
(37,'Ethiopia','Addis Ababa'),
(38,'Brazil','Brasília'),
(39,'Kuwait','Kuwait City'),
(40,'Ukraine','Kyiv'),
(41,'Yemen','Sanaa'),
(42,'Guatemala','Guatemala City'),
(43,'Italy','Rome'),
(44,'Bolivia','La Paz'),
(45,'North Korea','Pyongyang'),
(46,'Madagascar','Antananarivo'),
(47,'Dominican Republic','Santo Domingo'),
(48,'Uzbekistan','Tashkent'),
(49,'Burkina Faso','Ouagadougou'),
(50,'Cameroon','Yaoundé'),
(51,'Ghana','Accra'),
(52,'Azerbaijan','Baku'),
(53,'Zimbabwe','Harare'),
(54,'Cuba','Havana'),
(55,'Cambodia','Phnom Penh'),
(56,'Somalia','Mogadishu'),
(57,'Mali','Bamako'),
(58,'Ecuador','Quito'),
(59,'Belarus','Minsk'),
(60,'Venezuela','Caracas'),
(61,'Austria','Vienna'),
(62,'Romania','Bucharest'),
(63,'Congo (Brazzaville)','Brazzaville'),
(64,'Poland','Warsaw'),
(65,'Syria','Damascus'),
(66,'Belgium','Brussels'),
(67,'Zambia','Lusaka'),
(68,'Hungary','Budapest'),
(69,'Guinea','Conakry'),
(70,'Uganda','Kampala'),
(71,'United Arab Emirates','Abu Dhabi'),
(72,'Oman','Muscat'),
(73,'Mongolia','Ulaanbaatar'),
(74,'Serbia','Belgrade'),
(75,'Czechia','Prague'),
(76,'Uruguay','Montevideo'),
(77,'Bulgaria','Sofia'),
(78,'Nigeria','Abuja'),
(79,'Mozambique','Maputo'),
(80,'Qatar','Doha'),
(81,'Senegal','Dakar'),
(82,'Myanmar','Nay Pyi Taw'),
(83,'Rwanda','Kigali'),
(84,'Libya','Tripoli'),
(85,'Honduras','Tegucigalpa'),
(86,'Georgia','Tbilisi'),
(87,'Chad','N’Djamena'),
(88,'Denmark','Copenhagen'),
(89,'Armenia','Yerevan'),
(90,'Kazakhstan','Nur-Sultan'),
(91,'Mauritania','Nouakchott'),
(92,'Kyrgyzstan','Bishkek'),
(93,'Tunisia','Tunis'),
(94,'Nepal','Kathmandu'),
(95,'Niger','Niamey'),
(96,'Nicaragua','Managua'),
(97,'Liberia','Monrovia'),
(98,'Haiti','Port-au-Prince'),
(99,'Pakistan','Islamabad'),
(100,'Canada','Ottawa'),
(101,'Sweden','Stockholm'),
(102,'Eritrea','Asmara'),
(103,'Sierra Leone','Freetown'),
(104,'Laos','Vientiane'),
(105,'Israel','Jerusalem'),
(106,'Central African Republic','Bangui'),
(107,'Panama','Panama City'),
(108,'Netherlands','Amsterdam'),
(109,'Togo','Lomé'),
(110,'Gabon','Libreville'),
(111,'Croatia','Zagreb'),
(112,'Tajikistan','Dushanbe'),
(113,'Malawi','Lilongwe'),
(114,'Benin','Cotonou'),
(115,'Sri Lanka','Colombo'),
(116,'South Africa','Pretoria'),
(117,'Norway','Oslo'),
(118,'Greece','Athens'),
(119,'Burundi','Bujumbura'),
(120,'Finland','Helsinki'),
(121,'Macedonia','Skopje'),
(122,'Moldova','Chisinau'),
(123,'Latvia','Riga'),
(124,'Jamaica','Kingston'),
(125,'Morocco','Rabat'),
(126,'Lithuania','Vilnius'),
(127,'El Salvador','San Salvador'),
(128,'Djibouti','Djibouti'),
(129,'Ireland','Dublin'),
(130,'Netherlands','The Hague'),
(131,'Paraguay','Asunción'),
(132,'Portugal','Lisbon'),
(133,'Slovakia','Bratislava'),
(134,'Estonia','Tallinn'),
(135,'Lebanon','Beirut'),
(136,'South Africa','Cape Town'),
(137,'Albania','Tirana'),
(138,'New Zealand','Wellington'),
(139,'Tanzania','Dodoma'),
(140,'Guinea-Bissau','Bissau'),
(141,'Australia','Canberra'),
(142,'South Sudan','Juba'),
(143,'Cote dIvoire','Yamoussoukro'),
(144,'Lesotho','Maseru'),
(145,'Cyprus','Nicosia'),
(146,'Namibia','Windhoek'),
(147,'Papua New Guinea','Port Moresby'),
(148,'Benin','Porto-Novo'),
(149,'Bolivia','Sucre'),
(150,'Costa Rica','San José'),
(151,'Slovenia','Ljubljana'),
(152,'Bosnia And Herzegovina','Sarajevo'),
(153,'The Bahamas','Nassau'),
(154,'South Africa','Bloemfontein'),
(155,'Martinique','Fort-de-France'),
(156,'India','New Delhi'),
(157,'Botswana','Gaborone'),
(158,'Suriname','Paramaribo'),
(159,'Timor-Leste','Dili'),
(160,'Maldives','Male'),
(161,'Guyana','Georgetown'),
(162,'Gibraltar','Gibraltar'),
(163,'Reunion','Saint-Denis'),
(164,'Equatorial Guinea','Malabo'),
(165,'Montenegro','Podgorica'),
(166,'Bahrain','Manama'),
(167,'Mauritius','Port Louis'),
(168,'Curaçao','Willemstad'),
(169,'Switzerland','Bern'),
(170,'French Polynesia','Papeete'),
(171,'Luxembourg','Luxembourg'),
(172,'Iceland','Reykjavík'),
(173,'Cabo Verde','Praia'),
(174,'Sri Lanka','Sri Jayewardenepura Kotte'),
(175,'Barbados','Bridgetown'),
(176,'Comoros','Moroni'),
(177,'Bhutan','Thimphu'),
(178,'Swaziland','Mbabane'),
(179,'New Caledonia','Nouméa'),
(180,'Solomon Islands','Honiara'),
(181,'Fiji','Suva'),
(182,'Turkey','Ankara'),
(183,'Saint Lucia','Castries'),
(184,'French Guiana','Cayenne'),
(185,'Sao Tome And Principe','São Tomé'),
(186,'Vanuatu','Port-Vila'),
(187,'Bermuda','Hamilton'),
(188,'Brunei','Bandar Seri Begawan'),
(189,'Monaco','Monaco'),
(190,'Burundi','Gitega'),
(191,'Trinidad And Tobago','Port of Spain'),
(192,'Samoa','Apia'),
(193,'Kiribati','Tarawa'),
(194,'Aruba','Oranjestad'),
(195,'Jersey','Saint Helier'),
(196,'The Gambia','Banjul'),
(197,'Mayotte','Mamoudzou'),
(198,'Marshall Islands','Majuro'),
(199,'Isle Of Man','Douglas'),
(200,'Cayman Islands','George Town'),
(201,'Seychelles','Victoria'),
(202,'Saint Vincent And The Grenadines','Kingstown'),
(203,'Andorra','Andorra la Vella'),
(204,'Antigua And Barbuda','Saint John’s'),
(205,'Tonga','Nuku‘alofa'),
(206,'Turkmenistan','Ashgabat'),
(207,'Greenland','Nuuk'),
(208,'Belize','Belmopan'),
(209,'Dominica','Roseau'),
(210,'Saint Kitts And Nevis','Basseterre'),
(211,'Faroe Islands','Tórshavn'),
(212,'American Samoa','Pago Pago'),
(213,'Malta','Valletta'),
(214,'Gaza Strip','Gaza'),
(215,'Turks And Caicos Islands','Grand Turk'),
(216,'Federated States of Micronesia','Palikir'),
(217,'Tuvalu','Funafuti'),
(218,'Liechtenstein','Vaduz'),
(219,'Swaziland','Lobamba'),
(220,'Cook Islands','Avarua'),
(221,'Grenada','Saint George’s'),
(222,'San Marino','San Marino'),
(223,'West Bank','Al Quds'),
(224,'Northern Mariana Islands','Capitol Hill'),
(225,'Falkland Islands (Islas Malvinas)','Stanley'),
(226,'Vatican City','Vatican City'),
(227,'Niue','Alofi'),
(228,'Guadeloupe','Basse-Terre'),
(229,'Guam','Hagåtña'),
(230,'Saint Martin','Marigot'),
(231,'Saint Helena, Ascension, And Tristan Da Cunha','Jamestown'),
(232,'Montserrat','Brades'),
(233,'Sint Maarten','Philipsburg'),
(234,'Nauru','Yaren'),
(235,'Kosovo','Pristina'),
(236,'Saint Barthelemy','Gustavia'),
(237,'British Virgin Islands','Road Town'),
(238,'Palau','Ngerulmud'),
(239,'Saint Pierre And Miquelon','Saint-Pierre'),
(240,'Anguilla','The Valley'),
(241,'Wallis And Futuna','Mata-Utu'),
(242,'Norfolk Island','Kingston'),
(243,'Svalbard','Longyearbyen'),
(244,'Morocco','Tifariti'),
(245,'Pitcairn Islands','Adamstown'),
(246,'Christmas Island','Flying Fish Cove'),
(247,'South Georgia And South Sandwich Islands','King Edward Point'),
(248,'Puerto Rico','San Juan'),
(249,'U.S. Virgin Islands','Charlotte Amalie');


insert into
springboot_country_population_tbl (id, countryid, countrypopulation)
values
(1,1,1439323776),
(2,2,1380004385),
(3,3,331002651),
(4,4,273523615),
(5,5,220892340),
(6,6,212559417),
(7,7,206139589),
(8,8,164689383),
(9,9,145934462),
(10,10,128932753),
(11,11,126476461),
(12,12,114963588),
(13,13,109581078),
(14,14,102334404),
(15,15,97338579),
(16,16,89561403),
(17,17,84339067),
(18,18,83992949),
(19,19,83783942),
(20,20,69799978),
(21,21,67886011),
(22,22,65273511),
(23,23,60461826),
(24,24,59734218),
(25,25,59308690),
(26,26,54409800),
(27,27,53771296),
(28,28,51269185),
(29,29,50882891),
(30,30,46754778),
(31,31,45741007),
(32,32,45195774),
(33,33,43851044),
(34,34,43849260),
(35,35,43733762),
(36,36,40222493),
(37,37,38928346),
(38,38,37846611),
(39,39,37742154),
(40,40,36910560),
(41,41,34813871),
(42,42,33469203),
(43,43,32971854),
(44,44,32866272),
(45,45,32365999),
(46,46,31255435),
(47,47,31072940),
(48,48,29825964),
(49,49,29136808),
(50,50,28435940),
(51,51,27691018),
(52,52,26545863),
(53,53,26378274),
(54,54,25778816),
(55,55,25499884),
(56,56,24206644),
(57,58,21413249),
(58,59,20903273),
(59,60,20250833),
(60,61,19237691),
(61,62,19129952),
(62,63,19116201),
(63,64,18776707),
(64,65,18383955),
(65,66,17915568),
(66,67,17643054),
(67,68,17500658),
(68,69,17134872),
(69,70,16743927),
(70,71,16718965),
(71,72,16425864),
(72,73,15893222),
(73,74,14862924),
(74,75,13132795),
(75,76,12952218),
(76,77,12123200),
(77,78,11890784),
(78,79,11818619),
(79,80,11673021),
(80,81,11589623),
(81,82,11402528),
(82,83,11326616),
(83,84,11193725),
(84,85,10847910),
(85,86,10708981),
(86,87,10423054),
(87,88,10203134),
(88,89,10196709),
(89,90,10139177),
(90,91,10099265),
(91,92,9904607),
(92,93,9890402),
(93,94,9660351),
(94,95,9537645),
(95,96,9449323),
(96,97,9006398),
(97,98,8947024),
(98,99,8737371),
(99,100,8655535),
(100,101,8654622),
(101,102,8278724),
(102,103,7976983),
(103,104,7496981),
(104,105,7275560),
(105,106,7132538),
(106,107,6948445),
(107,108,6871292),
(108,109,6825445),
(109,110,6624554),
(110,111,6524195),
(111,112,6486205),
(112,113,6031200),
(113,114,5850342),
(114,115,5792202),
(115,116,5540720),
(116,117,5518087),
(117,118,5459642),
(118,119,5421241),
(119,120,5106626),
(120,122,5094118),
(121,123,5057681),
(122,124,4937786),
(123,125,4829767),
(124,126,4822233),
(125,127,4649658),
(126,128,4314767),
(127,129,4270571),
(128,130,4105267),
(129,131,4033963),
(130,132,3989167),
(131,133,3546421),
(132,134,3473730),
(133,135,3280819),
(134,136,3278290),
(135,137,2963243),
(136,138,2961167),
(137,139,2881053),
(138,140,2877797),
(139,141,2860853),
(140,142,2722289),
(141,143,2540905),
(142,144,2416668),
(143,145,2351627),
(144,146,2225734),
(145,147,2142249),
(146,148,2083374),
(147,149,2078938),
(148,150,1968001),
(149,151,1886198),
(150,152,1701575),
(151,153,1402985),
(152,154,1399488),
(153,155,1326535),
(154,156,1318445),
(155,157,1271768),
(156,158,1207359),
(157,160,988000),
(158,161,896445),
(159,162,895312),
(160,163,869601),
(161,164,786552),
(162,165,771608),
(163,166,686884),
(164,168,628066),
(165,169,625978),
(166,171,586632),
(167,172,555987),
(168,173,548914),
(169,174,540544),
(170,175,441543),
(171,176,437479),
(172,177,400124),
(173,178,397628),
(174,179,393244),
(175,180,375265),
(176,181,341243),
(177,182,307145),
(178,183,298682),
(179,184,287375),
(180,185,285498),
(181,186,280908),
(182,187,272815),
(183,188,219159),
(184,189,198414),
(185,190,183627),
(186,192,168775),
(187,193,164093),
(188,194,119449),
(189,195,112523),
(190,196,110940),
(191,197,106766),
(192,198,105695),
(193,199,104425),
(194,200,98347),
(195,201,97929),
(196,202,85033),
(197,203,77265),
(198,204,71986),
(199,205,65722),
(200,206,62278),
(201,207,59190),
(202,208,57559),
(203,209,56770),
(204,210,55191),
(205,211,53199),
(206,212,48863),
(207,213,42876),
(208,214,39242),
(209,215,38717),
(210,216,38666),
(211,217,38128),
(212,218,33931),
(213,219,33691),
(214,220,30231),
(215,222,18094),
(216,223,17564),
(217,224,15003),
(218,225,11792),
(219,226,11239),
(220,227,10824),
(221,228,9877),
(222,229,6077),
(223,230,5794),
(224,231,4992),
(225,232,3480),
(226,233,1626);

insert into
springboot_country_continent_tbl (id, countryid, countrycontinent, countryregion)
values
(1,1,'Asia','Southern Asia'),
(2,3,'Europe','Southern Europe'),
(3,4,'Africa','Northern Africa'),
(4,5,'Oceania','Polynesia'),
(5,6,'Europe','Southern Europe'),
(6,7,'Africa','Middle Africa'),
(7,8,'North America','Caribbean'),
(8,10,'North America','Caribbean'),
(9,11,'South America','South America'),
(10,12,'Asia','Western Asia'),
(11,13,'North America','Caribbean'),
(12,14,'Oceania','Australia and New Zealand'),
(13,15,'Europe','Western Europe'),
(14,16,'Asia','Western Asia'),
(15,17,'North America','Caribbean'),
(16,18,'Asia','Western Asia'),
(17,19,'Asia','Southern Asia'),
(18,20,'North America','Caribbean'),
(19,21,'Europe','Eastern Europe'),
(20,22,'Europe','Western Europe'),
(21,23,'North America','Central America'),
(22,24,'Africa','Western Africa'),
(23,25,'North America','Northern America'),
(24,26,'Asia','Southern Asia'),
(25,29,'Europe','Southern Europe'),
(26,30,'Africa','Southern Africa'),
(27,32,'South America','South America'),
(28,34,'North America','Caribbean'),
(29,36,'Europe','Eastern Europe'),
(30,37,'Africa','Western Africa'),
(31,38,'Africa','Eastern Africa'),
(32,39,'Africa','Western Africa'),
(33,40,'Asia','South-eastern Asia'),
(34,41,'Africa','Middle Africa'),
(35,42,'North America','Northern America'),
(36,43,'North America','Caribbean'),
(37,44,'Africa','Middle Africa'),
(38,45,'Africa','Middle Africa'),
(39,46,'South America','South America'),
(40,47,'Asia','Eastern Asia'),
(41,50,'Oceania','Australia and New Zealand'),
(42,52,'South America','South America'),
(43,53,'Africa','Eastern Africa'),
(44,54,'Africa','Middle Africa'),
(45,55,'Oceania','Polynesia'),
(46,56,'North America','Central America'),
(47,58,'Europe','Southern Europe'),
(48,59,'North America','Caribbean'),
(49,60,'North America','Caribbean'),
(50,61,'Asia','Western Asia'),
(51,62,'Europe','Eastern Europe'),
(52,64,'Africa','Middle Africa'),
(53,65,'Europe','Northern Europe'),
(54,66,'Africa','Eastern Africa'),
(55,67,'North America','Caribbean'),
(56,68,'North America','Caribbean'),
(57,69,'South America','South America'),
(58,70,'Africa','Northern Africa'),
(59,71,'North America','Central America'),
(60,72,'Africa','Middle Africa'),
(61,73,'Africa','Eastern Africa'),
(62,74,'Europe','Northern Europe'),
(63,76,'Africa','Eastern Africa'),
(64,77,'South America','South America'),
(65,78,'Europe','Northern Europe'),
(66,79,'Oceania','Melanesia'),
(67,80,'Europe','Northern Europe'),
(68,81,'Europe','Western Europe'),
(69,82,'South America','South America'),
(70,83,'Oceania','Polynesia'),
(71,85,'Africa','Middle Africa'),
(72,86,'Africa','Western Africa'),
(73,87,'Asia','Western Asia'),
(74,88,'Europe','Western Europe'),
(75,89,'Africa','Western Africa'),
(76,90,'Europe','Southern Europe'),
(77,91,'Europe','Southern Europe'),
(78,92,'North America','Northern America'),
(79,93,'North America','Caribbean'),
(80,94,'North America','Caribbean'),
(81,95,'Oceania','Micronesia'),
(82,96,'North America','Central America'),
(83,98,'Africa','Western Africa'),
(84,99,'Africa','Western Africa'),
(85,100,'South America','South America'),
(86,101,'North America','Caribbean'),
(87,104,'North America','Central America'),
(88,105,'Europe','Eastern Europe'),
(89,106,'Europe','Northern Europe'),
(90,107,'Asia','Southern Asia'),
(91,108,'Asia','South-eastern Asia'),
(92,110,'Asia','Western Asia'),
(93,111,'Europe','Northern Europe'),
(94,112,'Europe','Northern Europe'),
(95,113,'Asia','Western Asia'),
(96,114,'Europe','Southern Europe'),
(97,115,'North America','Caribbean'),
(98,116,'Asia','Eastern Asia'),
(99,117,'Europe','Northern Europe'),
(100,118,'Asia','Western Asia'),
(101,119,'Asia','Central Asia'),
(102,120,'Africa','Eastern Africa'),
(103,121,'Oceania','Micronesia'),
(104,122,'Asia','Western Asia'),
(105,123,'Asia','Central Asia'),
(106,125,'Europe','Northern Europe'),
(107,126,'Asia','Western Asia'),
(108,127,'Africa','Southern Africa'),
(109,128,'Africa','Western Africa'),
(110,129,'Africa','Northern Africa'),
(111,130,'Europe','Western Europe'),
(112,131,'Europe','Northern Europe'),
(113,132,'Europe','Western Europe'),
(114,133,'Africa','Eastern Africa'),
(115,134,'Africa','Eastern Africa'),
(116,135,'Asia','South-eastern Asia'),
(117,136,'Asia','Southern Asia'),
(118,137,'Africa','Western Africa'),
(119,138,'Europe','Southern Europe'),
(120,139,'Oceania','Micronesia'),
(121,140,'North America','Caribbean'),
(122,141,'Africa','Western Africa'),
(123,142,'Africa','Eastern Africa'),
(124,143,'Africa','Eastern Africa'),
(125,144,'North America','Central America'),
(126,145,'Oceania','Micronesia'),
(127,146,'Europe','Western Europe'),
(128,147,'Asia','Eastern Asia'),
(129,148,'Europe','Southern Europe'),
(130,149,'North America','Caribbean'),
(131,150,'Africa','Northern Africa'),
(132,151,'Africa','Eastern Africa'),
(133,152,'Asia','South-eastern Asia'),
(134,153,'Africa','Southern Africa'),
(135,154,'Oceania','Micronesia'),
(136,155,'Asia','Southern Asia'),
(137,156,'Europe','Western Europe'),
(138,157,'Oceania','Melanesia'),
(139,158,'Oceania','Australia and New Zealand'),
(140,159,'North America','Central America'),
(141,160,'Africa','Western Africa'),
(142,161,'Africa','Western Africa'),
(143,162,'Oceania','Polynesia'),
(144,163,'Oceania','Australia and New Zealand'),
(145,164,'Europe','Southern Europe'),
(146,165,'Oceania','Micronesia'),
(147,166,'Europe','Northern Europe'),
(148,167,'Asia','Western Asia'),
(149,168,'Asia','Southern Asia'),
(150,169,'Oceania','Micronesia'),
(151,170,'North America','Central America'),
(152,171,'Oceania','Melanesia'),
(153,172,'South America','South America'),
(154,173,'South America','South America'),
(155,174,'Asia','South-eastern Asia'),
(156,176,'Europe','Eastern Europe'),
(157,177,'Europe','Southern Europe'),
(158,178,'North America','Caribbean'),
(159,179,'Asia','Western Asia'),
(160,182,'Africa','Eastern Africa'),
(161,183,'Europe','Eastern Europe'),
(162,185,'Africa','Eastern Africa'),
(163,187,'Africa','Western Africa'),
(164,188,'North America','Caribbean'),
(165,189,'North America','Caribbean'),
(166,192,'North America','Caribbean'),
(167,193,'Oceania','Polynesia'),
(168,194,'Europe','Southern Europe'),
(169,195,'Africa','Middle Africa'),
(170,197,'Asia','Western Asia'),
(171,198,'Africa','Western Africa'),
(172,199,'Europe','Southern Europe'),
(173,200,'Africa','Eastern Africa'),
(174,201,'Africa','Western Africa'),
(175,202,'Asia','South-eastern Asia'),
(176,204,'Europe','Eastern Europe'),
(177,205,'Europe','Southern Europe'),
(178,206,'Oceania','Melanesia'),
(179,207,'Africa','Eastern Africa'),
(180,208,'Africa','Southern Africa'),
(181,210,'Africa','Eastern Africa'),
(182,211,'Europe','Southern Europe'),
(183,212,'Asia','Southern Asia'),
(184,214,'Africa','Northern Africa'),
(185,215,'South America','South America'),
(186,217,'Europe','Northern Europe'),
(187,218,'Europe','Western Europe'),
(188,220,'Asia','Central Asia'),
(189,221,'Asia','South-eastern Asia'),
(190,222,'Asia','South-eastern Asia'),
(191,223,'Africa','Western Africa'),
(192,225,'Oceania','Polynesia'),
(193,226,'North America','Caribbean'),
(194,227,'Africa','Northern Africa'),
(195,228,'Asia','Western Asia'),
(196,229,'Asia','Central Asia'),
(197,230,'North America','Caribbean'),
(198,231,'Oceania','Polynesia'),
(199,232,'Africa','Eastern Africa'),
(200,233,'Europe','Eastern Europe'),
(201,234,'Asia','Western Asia'),
(202,240,'South America','South America'),
(203,241,'Asia','Central Asia'),
(204,242,'Oceania','Melanesia'),
(205,245,'Oceania','Polynesia'),
(206,247,'Asia','Western Asia'),
(207,248,'Africa','Eastern Africa'),
(208,249,'Africa','Eastern Africa');
